"","baseMean","log2FoldChange","lfcSE","stat","pvalue","padj"
"6653",107.031409377145,-3.84629211776621,0.552087859808197,-6.96681162143733,3.24204309315294e-12,2.93712894024191e-08
"1439",67.323878690901,-6.84342418075121,0.97212376364118,-7.0396635044889,1.92704635485518e-12,2.93712894024191e-08
"366",87.4372825916034,-4.35662784231865,0.637958419777921,-6.82901535155729,8.5499426039367e-12,5.16388033469097e-08
"3119",197.749431810864,4.56235040105785,0.692715315133017,6.58618382095648,4.51275061798689e-11,2.04416321118261e-07
"25823",75.4694428946908,3.87028403718392,0.593262598166591,6.52372836100672,6.85808658623395e-11,2.48523341711946e-07
"1441",433.885660870413,-3.64822602772944,0.569198931343039,-6.4094042114966,1.46089399334478e-10,4.41165637756901e-07
"6402",72.5750042095924,-4.87551983113529,0.773389163174085,-6.3040963893592,2.89880059512746e-10,7.50333828330207e-07
"112268421",74.0601363046886,5.52536037709022,0.906071411218127,6.09815110451603,1.0730229343739e-09,2.43026281849008e-06
"5788",94.7882903946562,-4.69715541924784,0.810420005010564,-5.79595196343483,6.79347083991207e-09,1.36767664609296e-05
"106480429",35.8687036553352,5.66110506959501,1.01203939157927,5.59375960728262,2.22204563506345e-08,4.02612448617147e-05
"8972",28.157014288985,-4.70512483762058,0.852265007603011,-5.52072981484211,3.37594537854481e-08,5.56079584671395e-05
"107986463",318.220457589322,2.59747816629326,0.486420628544262,5.3399835736138,9.29550035463897e-08,0.000132784114483012
"3687",166.882760799687,-2.43336003914561,0.456067803350943,-5.33552252815607,9.52697990109364e-08,0.000132784114483012
"3043",34735.4143956637,-8.39333012836008,1.62594949814783,-5.16210997815196,2.44181753297949e-07,0.000294955279200369
"219995",57.376350940273,3.34876959528552,0.648714760771899,5.16216031727235,2.44116080678817e-07,0.000294955279200369
"54210",96.1806434658066,-3.8066496568409,0.742001438269906,-5.13024565790156,2.89364297702618e-07,0.000323117837359575
"8794",63.7039073955881,-3.36572412290788,0.657179280794745,-5.12147023082898,3.03162604730547e-07,0.000323117837359575
"5175",55.7689449768457,-4.10392575427357,0.805724160434421,-5.09346244757121,3.51582714508833e-07,0.000353907066899197
"10536",88.3863035204849,1.97273501687822,0.390876431691302,5.04695309548928,4.48911501209428e-07,0.000411269914434713
"5880",70.2996401041473,-3.95577028826513,0.784126262586137,-5.04481290451687,4.539653561838e-07,0.000411269914434713
"8875",53.5167700041334,-3.80207625775957,0.755061185796625,-5.0354545158459,4.76716319090426e-07,0.00041131538026664
"2212",108.098193057123,-4.27999819475969,0.863548244493734,-4.95629308732935,7.18508067490262e-07,0.000532392271832349
"2215",171.141256218713,-4.24700971663763,0.857636677120156,-4.95199171157022,7.34577338473908e-07,0.000532392271832349
"3777",5908.70295766277,1.37875372929296,0.277648698958865,4.9658209617515,6.84110468397333e-07,0.000532392271832349
"2358",24.200537652777,-7.11560291276032,1.43250953519307,-4.9672290047279,6.79163689009809e-07,0.000532392271832349
"6280",607.378213279409,-3.93096023264221,0.796783777086829,-4.93353447407582,8.07547808768715e-07,0.000541924398040013
"4688",88.5758739464259,-4.17198447926334,0.845045892977513,-4.93699160475579,7.93368848928496e-07,0.000541924398040013
"5999",519.833067552144,-1.47724078735187,0.302859376684043,-4.87764586827701,1.07359449758283e-06,0.000661144828683552
"344595",193.146763421926,-1.82308086376743,0.374056728473668,-4.87380850280779,1.09467105582574e-06,0.000661144828683552
"112267876",2128.01855167568,2.8692411434594,0.588551346390582,4.87509061198421,1.0875852185903e-06,0.000661144828683552
"6405",51.0467079348331,4.12359009442888,0.855035953372432,4.82270959269563,1.41621090010429e-06,0.000827752428999666
"7097",46.6245404220008,-2.75539255686202,0.577769645526499,-4.76901578024428,1.85128160022167e-06,0.00103158708877319
"3055",82.0468388357243,-4.10362870458045,0.861014364666586,-4.76603977004438,1.87882189577323e-06,0.00103158708877319
"8541",224.107951480319,1.57158068713664,0.330587097760826,4.75390811614086,1.99521742248048e-06,0.001063274837586
"653361",64.8201273989604,-3.57989577337866,0.756767066716335,-4.73051210977253,2.23954166348616e-06,0.00114582488694543
"105369543",40.9402495237197,3.97158399697318,0.840159320375801,4.7271795963612,2.27659892543934e-06,0.00114582488694543
"100505696",1297.17905042356,1.77809095445523,0.377368282466267,4.71181876450936,2.455156834947e-06,0.00117065754453697
"4886",78.6173121016879,2.98280875898433,0.632326718863378,4.71719550985604,2.39117883729999e-06,0.00117065754453697
"105378539",505.201181077777,1.66806846454,0.356875607525924,4.67408931673436,2.95260823955109e-06,0.001371751504934
"102724852",6917.88754332651,2.64426862105494,0.567803205609207,4.65701601352858,3.20825499138612e-06,0.00145325930472313
"177",297.597425647209,1.93576001587091,0.417043091530213,4.64163069760543,3.45670266129787e-06,0.00152760964683064
"60675",18.4323380505992,-7.69069588112929,1.66134367468697,-4.62920225255522,3.67077112978513e-06,0.00158358814525183
"101928762",352.596630846616,2.37315845463805,0.515947836572052,4.59960927524238,4.23284109454655e-06,0.00178360111144393
"105369250",92.8159491071563,2.50228474721857,0.547517967202908,4.57023311947538,4.87181978086999e-06,0.00197410644318241
"2012",229.473736838815,-3.11305328879719,0.681356941817321,-4.56890228562732,4.9028528033119e-06,0.00197410644318241
"283120",6493.21965935457,2.71502797495961,0.597106761711946,4.54697241608089,5.44231277351483e-06,0.002110000038724
"2256",703.985943369774,1.81600332402799,0.399492269529437,4.54577838556693,5.47326021414139e-06,0.002110000038724
"7146",208.806887119694,1.85276709842605,0.408229429116721,4.53854368714879,5.66440616050543e-06,0.00212193559411873
"22918",44.083343612535,-5.13890885136114,1.13296534394116,-4.53580409925408,5.73844274583684e-06,0.00212193559411873
"283897",19.6952869403319,-7.7867989093751,1.72178253661951,-4.52252171442245,6.11072154390621e-06,0.00221440327308073
"6688",128.941640539888,-2.9906703711552,0.662262994223133,-4.51583494358371,6.30677749413742e-06,0.00224063728267208
"23138",179.006169226819,3.3841963952423,0.752071836520084,4.49983130720775,6.80074098062891e-06,0.00235043173337319
"2114",324.78114371783,-1.34771902429985,0.299658659259955,-4.49751403022432,6.87526253484073e-06,0.00235043173337319
"2357",136.380293295674,-3.38793640723482,0.754340719289291,-4.49125484095144,7.08047697590215e-06,0.00237576226530317
"103344718",3611.84781518307,2.92299292455469,0.652990513736423,4.47631759277677,7.59414919522066e-06,0.00250178889578551
"2857",222.964378318525,2.17062258946444,0.486409729350369,4.46253941582016,8.09940238998219e-06,0.00262059056971585
"3235",40.7168397743418,3.62791601675877,0.821148597158047,4.41809926889579,9.95726888847609e-06,0.00316518868404032
"963",48.6303513473288,-3.98200841010438,0.905426561425063,-4.39793637579733,1.09285002964415e-05,0.00341402580812454
"4889",40.221433286607,2.74783937270073,0.626256654968532,4.38772083442179,1.14544667376883e-05,0.00341698494112528
"64581",23.9127324486348,-3.81627344979415,0.869947270590751,-4.38678708331673,1.1503729864156e-05,0.00341698494112528
"489",631.224798345628,2.55084271757573,0.581227978133501,4.38871288640863,1.14023484144812e-05,0.00341698494112528
"1590",71.1330215864647,2.69939193250417,0.616308742058728,4.3799345170524,1.18714977920777e-05,0.00346934949184927
"4778",27.6943618762309,-4.68849197153968,1.07516686206103,-4.36071100866348,1.29640495231815e-05,0.00372850179857977
"23615",120.100090736125,2.12148118109673,0.487495270864097,4.35179848480653,1.35025338851641e-05,0.00382269392914513
"3772",25.0688510880629,-4.44206897165029,1.02298314603029,-4.34226994734746,1.41018114727227e-05,0.0039309341857579
"5341",56.070502888664,-3.86070254831497,0.890112342109073,-4.33732054446885,1.44230207801095e-05,0.00395955626537583
"83593",36.2743478814053,-3.24132094918899,0.751065827299829,-4.31562831295617,1.59149573649912e-05,0.00430392705218322
"23627",91.2451829873852,2.61568935319093,0.608685682089432,4.29727432426547,1.7291115450896e-05,0.00460731942433506
"962",19.0740028812719,-5.45343536759873,1.28116454468574,-4.25662370241164,2.07537227885974e-05,0.00531959413767276
"11259",424.58971816854,-1.84982788563968,0.434300578690795,-4.2593263200708,2.05043947066665e-05,0.00531959413767276
"107987081",39.8978528611221,4.24487147418135,0.998203386115344,4.25251159555859,2.11386267405728e-05,0.00531959413767276
"150372",64.0105729778357,-3.60093915757516,0.846206730986444,-4.25538940511317,2.08685497392237e-05,0.00531959413767276
"100033819",538.978777512446,2.54072779727049,0.598345120130313,4.24625807379719,2.17370247194875e-05,0.00535517143233511
"162632",29.1362535116581,-6.59980102273579,1.55476765498763,-4.2448792921334,2.18711124230254e-05,0.00535517143233511
"197187",257.419591954011,1.80271094996359,0.425698025969346,4.2347176636741,2.28839036465817e-05,0.00552844600229885
"142678",3355.00293369045,1.48628728571772,0.351964404813637,4.22283408603408,2.41249414648895e-05,0.00560410018464528
"25893",36.8198552185411,-3.48841476299843,0.825572850551317,-4.22544753097061,2.38466384605553e-05,0.00560410018464528
"390205",35.6544335006899,2.61342200096754,0.618626192111666,4.22455763155887,2.39410581392641e-05,0.00560410018464528
"3936",194.329283990143,-2.76736048000235,0.656618372140853,-4.21456449806542,2.50260627810074e-05,0.00573983837378574
"9750",72.9002430177965,-3.52924081976558,0.838799155733101,-4.20749209824975,2.58220429505134e-05,0.00578179741334974
"8530",23.0322041623595,-6.2583962154331,1.48751884435919,-4.20727188711963,2.58472095855913e-05,0.00578179741334974
"107984859",45.2381775097687,2.00735223974703,0.477747465598356,4.20170149355563,2.64916306326308e-05,0.00585368116381265
"27106",538.052581675938,1.33145662817084,0.31750989583776,4.19343348231006,2.74763671761325e-05,0.00599812405860656
"2268",70.9764161903471,-3.1762926850388,0.759118054724159,-4.18418803935966,2.86187152260411e-05,0.00612435962012955
"6590",10.3209270346749,-6.85519739451743,1.63870522915104,-4.18330110417046,2.87306456046698e-05,0.00612435962012955
"3937",44.5285743166127,-4.09292158081082,0.979375157354853,-4.17911517366358,2.92645461147986e-05,0.00616563152388414
"6556",123.311079749552,-2.83926337244191,0.680431500575166,-4.17273946024235,3.00959024976594e-05,0.00626790410752979
"4597",7878.97709016559,2.02615150642659,0.486392549237423,4.16567134838564,3.1043765362691e-05,0.0063918407341659
"11240",20.3961656201366,-4.82013974426008,1.16616430251791,-4.13332815440562,3.57547654201987e-05,0.00711912741372067
"7832",1718.58032680777,-1.51781312623957,0.366912136370792,-4.13672096336903,3.52304093082877e-05,0.00711912741372067
"4311",11.6861327716406,-6.05882229786349,1.46548979923757,-4.13433263132614,3.55987570045722e-05,0.00711912741372067
"199800",102.285370240405,2.15633772219179,0.52533549823022,4.1046868704974,4.04862891761844e-05,0.0078877015035537
"284739",56.0582476835863,3.42563262726276,0.834071353480683,4.10712178636417,4.0062002160469e-05,0.0078877015035537
"27128",62.6304183284559,-3.29533955854469,0.803306735144156,-4.10221826156273,4.09207981309149e-05,0.0078877015035537
"2124",41.8359440532222,-3.33745439901262,0.815244115275645,-4.09380986195059,4.24342332600252e-05,0.00809332497303575
"201799",16.7979921894713,-4.25001645021335,1.04190474942715,-4.07908347912805,4.52136002997996e-05,0.00844562086424813
"10875",33.4549378109813,-3.79978239220646,0.931179705832467,-4.08061125946628,4.49174226711264e-05,0.00844562086424813
"727800",463.948874100544,1.56001543245299,0.383446406153136,4.06840540795153,4.7335970189521e-05,0.0086634388269084
"161882",2213.63997352247,1.17082342206861,0.28763566527751,4.07050850574807,4.69106282069789e-05,0.0086634388269084
"1365",970.308128543985,1.37442384390011,0.33890108500466,4.05553096379498,5.00205452999224e-05,0.0089337126407277
"3039",49947.8771155717,-7.11742528994136,1.75457716549362,-4.05649032138122,4.98156257972895e-05,0.0089337126407277
"22861",23.6636288636026,-3.29228561910206,0.812054592829574,-4.05426636112014,5.0291886381932e-05,0.0089337126407277
"3579",98.6750317621565,-3.4651759804943,0.856758154078139,-4.04452057327985,5.24303043976695e-05,0.00922315228525605
"5575",1431.86903690235,1.12814385846577,0.279702164586874,4.03337550187378,5.49813158452086e-05,0.0094876805885651
"3689",252.884212809341,-2.82303988424679,0.699829083792637,-4.0338990613932,5.48588906784313e-05,0.0094876805885651
"518",1348.3105591757,-1.10373183674575,0.274432263132674,-4.02187346395257,5.77370739388285e-05,0.00986922681790221
"345222",463.458435006033,1.4653453149971,0.36456348689389,4.01945166665472,5.83337468818025e-05,0.00987802953038672
"9467",2086.1145608632,1.81901795924189,0.453149307112221,4.01416912856806,5.9655561256346e-05,0.0099165056367315
"101929594",33.1792897504112,4.60103015602451,1.14601185209627,4.01481899825762,5.94914319180859e-05,0.0099165056367315
"107984847",46.8624191024588,-3.59407417261766,0.896866827055831,-4.00736660582711,6.13995190185726e-05,0.0101136171372501
"11151",174.440190185499,-3.3746363462756,0.843518990332621,-4.0006643418246,6.31649017013233e-05,0.0102186147671989
"23460",673.09562053636,-1.39940737889583,0.349649494591682,-4.00231489117423,6.27257392006542e-05,0.0102186147671989
"805",3920.9106810844,-1.1008855536057,0.275840068164633,-3.99102842792457,6.57873931810984e-05,0.010548688292463
"1164",265.943408148584,-1.32640980591574,0.33255946673588,-3.98848909319783,6.64954595692313e-05,0.0105686950169728
"64386",125.354811207717,-2.18959118590426,0.5497671678437,-3.982760910391,6.81192761510178e-05,0.0107326362137417
"57731",49.1840349264223,3.26528431615395,0.821140144993752,3.9765250013185,6.99296498890453e-05,0.010922890744307
"90527",470.222840431943,1.55650119007443,0.391871964716468,3.97196362643754,7.12826059940497e-05,0.0110390558803948
"120892",19.7020186153961,-3.09782571623587,0.781755228515043,-3.96265429797028,7.41210723971094e-05,0.0113813534810443
"1378",27.3488100436716,-3.64052366609104,0.919521042611106,-3.95915209917684,7.52163253642812e-05,0.0114524756241631
"146429",25.6308735777567,2.40072228285965,0.606899840950157,3.95571414074042,7.63063611369696e-05,0.0115216246453396
"26507",29.943316247121,2.47993699113047,0.627715609755523,3.95073334578429,7.79120928887815e-05,0.0115712230414085
"57091",13.6644274649126,-4.21623254899192,1.06714890893844,-3.95093179000303,7.78475110648916e-05,0.0115712230414085
"9024",62.879744016284,2.02870853631505,0.513826398246914,3.9482372708694,7.87287549363e-05,0.0115974496804132
"65012",32.7924955800803,3.33126252875244,0.844547160962231,3.94443635919276,7.99878918825616e-05,0.0116879081695172
"649264",52.5388251085421,2.52774592784604,0.641943958942234,3.93764267524403,8.22860063349215e-05,0.0119275211902595
"2867",20.98545150285,-5.74207930263057,1.45948343620943,-3.93432303524039,8.34315122728374e-05,0.0119975838958059
"283345",141.502891978913,2.12257093505741,0.540531625797749,3.9268209920646,8.60759938363444e-05,0.0122804010418955
"102465436",23.8523154938447,-5.80997025633479,1.4824731023584,-3.919106692116,8.88777675788209e-05,0.0123880020992418
"7096",14.8938836660078,-3.95648519096366,1.00937783117563,-3.91972665612789,8.8649455820811e-05,0.0123880020992418
"3040",48650.2610158545,-6.82057875085244,1.74034440985462,-3.91909711217576,8.88812999007361e-05,0.0123880020992418
"6286",8.25890880048575,-6.53846304849213,1.67002455822569,-3.91518975950803,9.03331327326909e-05,0.0124127564991145
"4773",29.7135557752943,-4.41186073568659,1.12693114305971,-3.91493372319805,9.04290445324311e-05,0.0124127564991145
"5210",1419.62274735468,1.74967147750609,0.447409116875529,3.91067461862397,9.20386924118654e-05,0.0125387147955683
"10841",116.588524315277,3.00933758760929,0.770384015729517,3.90628248531298,9.37269351070096e-05,0.0126734204268948
"4067",65.1697626125434,-2.48242523714696,0.635913684873942,-3.90371413006948,9.47276630339433e-05,0.0127138557519409
"8912",1711.79630360554,2.54938249959844,0.653416283396605,3.90162070395029,9.55507956584002e-05,0.0127300357833423
"283870",151.281249336948,1.66742442504565,0.429028670522147,3.88651048195992,0.000101695537380355,0.0134294100535297
"6352",29.9222618749404,-4.66849006605613,1.20163581801399,-3.88511227450925,0.000102282608719416,0.0134294100535297
"64061",2063.79064997959,1.49762316190311,0.386170742406822,3.87813730416013,0.00010525930785901,0.0136419999534822
"100233156",635.440560766454,3.28718594290708,0.847694669388719,3.87779475512982,0.000105407582840527,0.0136419999534822
"4577",570.229774100368,2.42038781547516,0.626342488739186,3.86432001499268,0.000111399095540932,0.0143151788092634
"57593",375.394827941627,1.33388379740496,0.346187192301857,3.85307090229349,0.000116645595038674,0.0148838136373643
"397",160.289450934577,-2.93352213649687,0.762174869367757,-3.84888331326157,0.000118657509721859,0.0150346532772753
"114769",27.9410434371381,-2.7447129326828,0.713499821670811,-3.84683057979675,0.000119655648568194,0.0150558381694938
"4573",380.239425050782,3.06098662058006,0.797971133860506,3.83596159145671,0.000125073955118651,0.0156290689158264
"57582",103.950773140249,2.28174170935814,0.595313775261796,3.83283875525092,0.000126672987650438,0.0157204648167006
"58",38.8088822834602,2.90468327548831,0.758612977412388,3.82893960685476,0.000128696580965802,0.0158629479627168
"713",23.6089042766818,-5.78687397875301,1.51380310156142,-3.82273888379811,0.000131977516859188,0.0159970114360066
"7869",3126.75725920014,1.429895080467,0.37438205104884,3.8193473123541,0.000133805253938236,0.0159970114360066
"105376003",74.7677572963357,3.25208911484389,0.850796865241337,3.82240373431725,0.000132157077849206,0.0159970114360066
"374403",29.7868264438103,-3.02701140048464,0.792333744265784,-3.82037420770161,0.000133249352108139,0.0159970114360066
"2059",839.911331445738,-1.35706679317373,0.355531856498807,-3.81700477289938,0.000135081558016944,0.0159970114360066
"91662",7.86236296622663,-6.46287531769198,1.69259790338805,-3.81831698169738,0.000134365210996571,0.0159970114360066
"9595",16.6678231574375,-3.83146602064803,1.00482949552085,-3.81305090836531,0.000137261825366401,0.0160454646052504
"2162",13.6075854602043,-6.28159406740216,1.64670393701898,-3.81464689929246,0.000136377792954873,0.0160454646052504
"139728",5036.92713466475,1.887735316764,0.495688129144689,3.80831253720215,0.000139918359775338,0.0162228570404511
"4558",354.551325336625,2.43108758348185,0.638556194254751,3.80716310538516,0.000140570040032608,0.0162228570404511
"10320",13.9120960581645,-4.56358280161418,1.20058534673418,-3.80113151807823,0.000144036819907784,0.01651774139183
"7903",7.68740167086269,-6.42849455188263,1.69279987208937,-3.79755141636923,0.000146132471482708,0.0165587195452443
"6535",13979.003543989,1.22677344756347,0.323056184237805,3.79739967045618,0.000146221928762023,0.0165587195452443
"3049",33.5201087058038,-4.49331069373277,1.18612381986636,-3.7882307213416,0.000151723919272715,0.0170750664180268
"27202",11.8349172892225,-4.73710290242979,1.25356780320936,-3.77889643488128,0.000157524917016566,0.0176184813050813
"1917",779.476304171031,1.67741006118897,0.445666563275569,3.7638230000032,0.000167335345602197,0.0186009148893633
"3507",44.5375592766606,-4.66460692813992,1.24033949516923,-3.76075013841553,0.000169404579059431,0.0187161071218161
"342667",73.9171051104812,2.01892592438777,0.537177816300112,3.758394079438,0.00017100740140536,0.0187786854912952
"7349",47.9196195942891,1.90269158195236,0.506547952692994,3.7561924233174,0.000172518066700294,0.0188304509068832
"4485",328.708044021369,1.38920573894649,0.370467966408309,3.74986737022057,0.000176928123039313,0.018857415654996
"1589",59.240539908687,2.59718911947453,0.692327349725187,3.75138887768259,0.000175857692308739,0.018857415654996
"729633",77.24403445334,3.47076150483389,0.924762644848346,3.75313765555816,0.000174634892726807,0.018857415654996
"107987258",217.6540156827,2.80763527596271,0.74870543178849,3.74998651907186,0.000176844077276021,0.018857415654996
"11314",26.203133927336,-4.03736531511497,1.07725689457247,-3.74782035321045,0.000178377936169123,0.0189007592131481
"3045",1262.92100511485,-13.1944291747874,3.52872235753344,-3.73915197567717,0.000184642080350093,0.0194507549643217
"28638",11.3728591774152,-6.02026872602367,1.61156619484516,-3.73566332259912,0.000187221019826964,0.0195313005557432
"116988",1081.12282716569,1.07579342989162,0.28801458636265,3.73520467653345,0.000187562575015139,0.0195313005557432
"100125288",110.624868739762,2.37141007176469,0.636052224410013,3.72832604109569,0.000192755895915839,0.0199573947319948
"653316",125.050400351412,3.3498080028917,0.898918658966643,3.7264862281783,0.000194167676014808,0.0199893416006381
"102723382",13.5646747677686,7.15757846364911,1.92247319695899,3.72310962512826,0.000196784026584554,0.0201442360321217
"440894",15.6882533519492,-3.38564352425349,0.911489181283589,-3.71440889675258,0.000203679229331291,0.0205438340496513
"81578",167.088752575666,-1.74400052345119,0.469339363189065,-3.71586246591605,0.000202511722558083,0.0205438340496513
"2219",132.061807622822,-3.39430098181366,0.913945057371859,-3.71390047403321,0.000204089084879808,0.0205438340496513
"64856",293.318528415327,1.85551944401163,0.499936042187589,3.71151364861067,0.000206023556659745,0.0206239824481653
"57801",168.864457701648,1.50259284334213,0.405640585445482,3.70424680679314,0.000212019756261972,0.0211076151852235
"4210",19.6520596504346,-4.30737612646631,1.16357197159596,-3.70185620796478,0.000214027909696867,0.0211911021628281
"1230",26.3170740211812,-3.47205900653626,0.938969474385624,-3.69773363378831,0.000217532976051635,0.0213703290366967
"5055",20.250803927884,-3.97939531751709,1.07639672750722,-3.69695969508639,0.000218196968474469,0.0213703290366967
"7099",31.2071364987811,-3.30108539139275,0.893908312695416,-3.69286798714169,0.00022173914394857,0.0216004922000222
"126755",28.4560086612335,2.39987884354081,0.650996446402773,3.68646995970851,0.000227386269155887,0.0219149564406145
"101929347",8.56655581408635,6.48268141825724,1.75822624940198,3.68705757888792,0.00022686203961359,0.0219149564406145
"27321",26.5762183228797,5.13222455598312,1.39315550016946,3.6838849327005,0.000229705967098434,0.0220213884542673
"283551",302.536059403222,2.32560571909483,0.631967418391399,3.67994559753475,0.000233283716718421,0.0222466719116899
"10570",386.558918399251,2.89615739880309,0.78893451930084,3.67097310099916,0.000241628771568675,0.0229218414243603
"441054",86.4128054127398,1.66006171562256,0.452440225136908,3.66912936426071,0.000243377907680739,0.0229675224441006
"107984345",15.757821196542,3.06483792577312,0.836297706907409,3.66476901761067,0.000247561905321892,0.0232413169042869
"1910",24.3741125259009,-2.87973875756669,0.787568204595673,-3.6564944353551,0.000255687959143401,0.0235903395731423
"100506603",845.340791774006,1.94395177652929,0.531377056991651,3.65832839591311,0.000253865631886476,0.0235903395731423
"146167",43.6270683243315,-2.31131793302926,0.632251535915277,-3.6556936626232,0.000256487493565265,0.0235903395731423
"116729",22.0955115021683,3.67819218596046,1.00548984518846,3.65810972986113,0.00025408226956723,0.0235903395731423
"89780",82.081366277684,1.76504848972763,0.483241076815406,3.65252163859793,0.000259677706361232,0.0237631331391877
"8778",15.487337942371,-4.01976500193212,1.10307239943003,-3.64415337017695,0.000268273419067489,0.0244263622114766
"8019",3556.38541088115,1.61949579612459,0.444751266146061,3.64135173837309,0.000271210296407881,0.024570296803072
"4542",199.658137942201,-2.40904126046291,0.661874039536192,-3.63972767711368,0.000272926527315389,0.0246027649175499
"10682",4274.9499641559,1.65125279357104,0.454035726148317,3.63683450106223,0.000276009142834306,0.0247574735594791
"5730",65.7126890069833,1.7032940457649,0.468919617719894,3.63237958362056,0.000280819630075009,0.0250648811691088
"6328",141.889313787031,-2.38901576277372,0.658048605191328,-3.63045486902767,0.000282922173917049,0.0251287591627598
"53947",454.575927384268,1.18611221813167,0.327327845652439,3.62362149717961,0.000290506644549022,0.0256765360613841
"166379",148.481356486146,-2.10605971721282,0.582961926972804,-3.61268827305607,0.000303038928087781,0.0265254219228141
"4360",25.6889573122943,-4.18475653957358,1.15808922345214,-3.61350097628858,0.00030209021740203,0.0265254219228141
"116444",324.263530131709,2.18878252829634,0.606194109041111,3.61069580791308,0.000305376654546907,0.0266015365564202
"121512",156.900468668361,-1.33472293458749,0.370316764036351,-3.60427359550072,0.000313027179806831,0.0271375094302391
"161753",12.0491249852735,-3.52143745537903,0.978437922247136,-3.59904024088876,0.000319393768503534,0.0275575985310264
"440829",837.563976852454,0.987639660722329,0.274930379602783,3.59232639968439,0.000327738983393416,0.028143614408082
"51474",615.791997588152,-1.24919797427911,0.348714371609683,-3.58229564360296,0.000340588028293134,0.0289723684725037
"9720",15.7481984445489,-4.14549684753452,1.15703275755723,-3.58286904191603,0.000339841004841836,0.0289723684725037
"11182",457.591887422238,1.37014767254416,0.383363335408591,3.57401855105379,0.000351544006673758,0.0297125048947637
"101929427",75.6075431837446,1.79924325154665,0.503530330568572,3.57325694663714,0.000352568494529179,0.0297125048947637
"4568",209.55023753799,2.73196338320294,0.765290979314468,3.56983612383642,0.000357204617446616,0.0299638447384964
"3587",26.3391017927913,-3.1221569804815,0.877032391947848,-3.55991068191601,0.000370980950832239,0.0309760545996744
"7056",66.226604664485,-3.00977195521456,0.846888781103766,-3.55391643196863,0.000379539793785911,0.0314154716236337
"29057",532.543231139487,1.22899073410213,0.34582462426961,3.55379764150047,0.000379711258103416,0.0314154716236337
"643988",1820.3515721732,1.28669486938579,0.363189544397471,3.54276407246361,0.000395956767946031,0.0324630799928242
"116844",22.1614338055893,-2.15332961839879,0.607619414703601,-3.54387889243004,0.000394286316549019,0.0324630799928242
"2214",73.720162835037,-3.20820136437219,0.907265410261979,-3.53612220645092,0.000406046811959743,0.0329917586811596
"3561",25.8070706521959,-3.62383595067658,1.02462495242846,-3.53674380278144,0.000405092418699234,0.0329917586811596
"3683",33.0537345893037,-3.38395778553278,0.957468146506467,-3.53427714319259,0.000408892089879922,0.0330746240023853
"2185",241.383726600664,-1.35220492794434,0.383256571620885,-3.52819763070348,0.000418399650703875,0.0336932589826823
"79689",15.185526490478,-4.38252094426574,1.24261678228041,-3.52684834677919,0.000420537562596608,0.0337155756490616
"8437",517.999937128716,2.79291236735412,0.792463876173425,3.5243402902354,0.000424538655063716,0.0338864136171783
"727856",20.331868321163,3.66903095527428,1.04274241553463,3.5186359551636,0.00043377149336234,0.0344715161764572
"2583",33.7876547853551,3.01547993139981,0.858724016314428,3.51158215458093,0.000445447758919291,0.0352448381827888
"6772",836.568508797487,-1.17227500653369,0.334123185563058,-3.5085114029372,0.000450621916534711,0.0354992108943149
"4332",278.542138390745,-2.92705327945627,0.835840282572311,-3.50192894562131,0.000461902784556254,0.0362303746899341
"1844",115.146092368581,-1.69609726663225,0.484679661431595,-3.49941910420277,0.000466273064805488,0.03641552440177
"118788",21.1535475389577,-3.13141635987844,0.895721632386694,-3.49597045181842,0.000472341001657517,0.036615165610756
"5266",8.74580020138742,-5.59584287634208,1.60079209812176,-3.495671226081,0.000472870950544562,0.036615165610756
"10288",101.442006587458,-2.76995359015103,0.793023941545681,-3.49290033381857,0.000477804804121311,0.0368397670037193
"4575",283.279882484867,2.68618524092334,0.769458690158833,3.49100643774502,0.000481204658146305,0.0369446915294615
"768206",93.8455136741329,1.64887167929055,0.472507420763241,3.48962070611955,0.000483706553673436,0.0369800803629072
"3433",24.4731668800389,-2.67214254112609,0.766181537215728,-3.48761019592895,0.000487358044176216,0.0371026907665078
"134187",31.9776754305681,4.41695661870578,1.2690321911364,3.48057098122189,0.000500346226935551,0.0379321057985157
"63977",1688.15147943503,1.36611491175087,0.393158873256493,3.47471468832812,0.000511396959574694,0.0386083396272245
"654817",43.9565169841292,-3.00287436584392,0.868937617400431,-3.45579970956662,0.000548662849383965,0.0410794304462316
"256714",67.3659458129858,2.72278334612586,0.787791605259669,3.45622284871694,0.000547802225035245,0.0410794304462316
"8862",47.7398960250211,2.83772591141965,0.821507664956593,3.45429024276917,0.000551743231168173,0.0411400642203133
"101929947",42.1521357898263,1.84109538776312,0.534029828337801,3.44755159743349,0.000565692343636788,0.0419654099615912
"7018",39.1958891758097,1.74041733487875,0.504994949139652,3.44640543008174,0.000568097362444185,0.0419654099615912
"7223",80.2972210329844,2.27117969878036,0.659150659460787,3.44561545404245,0.000569760519374769,0.0419654099615912
"53829",10.7895270165236,-5.92124169080326,1.72045324266756,-3.44167545153531,0.000578123419796276,0.0424039268952005
"91646",21.9962367156471,2.27246428023568,0.660482098776651,3.44061449120991,0.000580394826977743,0.0424039268952005
"916",10.0289708467597,-5.83733189096317,1.70232663769196,-3.42903163336357,0.000605738922531092,0.0440778455314894
"2869",1221.49973322578,2.2715378064337,0.66421086324697,3.41990462987819,0.000626430931831546,0.0452482243684005
"2204",21.5440826777819,-3.40440920611197,0.995517887791987,-3.41973685039733,0.000626817391493379,0.0452482243684005
"5833",1691.01858803683,1.00380821827384,0.293769297036449,3.4169949970956,0.000633164431466794,0.045525025133916
"727866",491.863589011023,1.15694639482004,0.338906928514827,3.41375846132761,0.000640733522840163,0.0458871569183436
"7038",54.4069550819386,1.66943205339501,0.489486700111815,3.41057694318079,0.000648255903676052,0.0462431051917574
"28950",281.770706324019,2.10743451782587,0.618795758822103,3.40570291211666,0.000659939512207301,0.0463541165339603
"9508",41.7029151679941,-1.87644661193562,0.551049769302977,-3.40522166320683,0.000661103680212884,0.0463541165339603
"3684",54.2625048078832,-3.36105646160103,0.98601067988155,-3.4087424509487,0.000652630628068816,0.0463541165339603
"10040",274.86588448034,-0.967457148832705,0.284017641091718,-3.40632766723206,0.000658431038272458,0.0463541165339603
"147798",49.7728873636964,3.5595847792841,1.04552132691101,3.40460274473873,0.000662603685760568,0.0463541165339603
"171220",173.574089102514,1.69985745312662,0.500047331993919,3.39939310614559,0.0006753557278989,0.0470645016684622
"4656",11.177059283332,5.88921284077076,1.73479662313314,3.39475691976764,0.000686895576841785,0.0476852910222081
"84913",358.344602329371,1.79795640787488,0.529961158610696,3.39261921116683,0.000692278013026511,0.047693480296682
"4569",233.701966593446,2.25937292746957,0.665825780235677,3.39333951093007,0.000690460040533002,0.047693480296682
"51363",41.01434859112,-3.26892489798332,0.965106961039133,-3.38711151193404,0.000706326723014058,0.0481069341126373
"84233",176.994216110004,-1.11781845439616,0.330118387093859,-3.3861138854963,0.000708899575477352,0.0481069341126373
"23533",28.9162811000387,-2.92697849890096,0.863682337525509,-3.38895259487058,0.000701601386587484,0.0481069341126373
"79085",1590.25004748861,0.918776400604178,0.271286352924506,3.38674021269274,0.000707283278604602,0.0481069341126373
"79104",144.755164790587,2.41038138583339,0.713075525374262,3.38026099629248,0.000724170270388735,0.0489598549596026
"55893",2412.04245375815,1.17041961765183,0.346467716550438,3.37814913696712,0.000729754917121515,0.0491540124287165
"816",156.196174641472,2.12463850764082,0.629423361630174,3.37553169640561,0.000736732051266236,0.0493178427091883
"27153",495.459576512684,0.972440412191877,0.288113747719549,3.37519615044005,0.000737630960549148,0.0493178427091883
"134265",12.6919606459936,3.13337058653567,0.928928398879524,3.37310237292255,0.000743263126377666,0.0495117080398417
"100128893",478.161925983909,0.950870054862467,0.281995667694787,3.37193142942758,0.000746430298847283,0.049540551592725
